run_id,is_baseline,seed,episodes,steps_per_episode,R_du_bx,R_du_by,KI_BASE,U_BLEED,MAX_DU_bx,MAX_DU_by,survival_rate,accepted_gate,worst_crash_step,worst_pitch_deg,worst_roll_deg,worst_base_x_m,worst_base_y_m,mean_rms_base_drift_m,mean_control_energy,mean_sat_rate_abs,mean_sat_rate_du,failure_reason,delta_survival_rate,delta_worst_base_norm,delta_worst_tilt,delta_mean_control_energy
baseline,True,12345,2,3000,2.2,2.2,0.08,0.96,0.2,0.2,1.0,True,nan,6.002325383914268,3.2830927218866326,2.154849346714094,1.8615045813855469,1.4288615300201717,20360.28771459472,0.10566666666666666,1.0,,0.0,0.0,0.0,0.0
trial_000,False,12345,2,3000,0.8295037066909985,2.5085655201323767,0.14172584073517544,0.9371554073071814,0.31962602806379686,0.5107823025827767,1.0,True,nan,6.194545049055825,3.21205707913528,1.1584286634303567,2.332827108129255,1.0593322484665042,11807.54947043694,0.18483333333333332,1.0,,0.0,0.17797776141516097,0.19221966514155664,-8552.738244157781
trial_001,False,12345,2,3000,0.6148853940061587,1.882851355483809,0.1895245157485887,0.9235833428898093,0.7631944293199892,0.5604109662322682,1.0,True,nan,6.380482385741163,3.212056823653815,0.9221974236206472,2.350140297333705,1.10923579767254,12266.077267313722,0.4368333333333333,1.0,,0.0,0.195290950619611,0.37815700182689493,-8094.210447280999
trial_002,False,12345,2,3000,0.498836159447291,1.1063681312364193,0.1795663854789532,0.9662580824887921,0.3150604621304807,0.608428277597648,1.0,True,nan,6.227388568558159,3.2120565806040386,1.1357753383963454,2.36099508272481,1.0504028595069324,11741.709629572993,0.19983333333333334,1.0,,0.0,0.20614573601071617,0.22506318464389086,-8618.578085021727
