run_id,is_baseline,seed,episodes,steps_per_episode,hardware_realistic,control_hz,control_delay_steps,R_du_rw,R_du_bx,R_du_by,Q_ang_scale,Q_rate_scale,Q_rw_scale,Q_base_scale,Q_vel_scale,QU_scale,KI_BASE,U_BLEED,MAX_DU_rw,MAX_DU_bx,MAX_DU_by,survival_rate,accepted_gate,worst_crash_step,worst_pitch_deg,worst_roll_deg,worst_base_x_m,worst_base_y_m,mean_rms_base_drift_m,mean_control_energy,mean_command_jerk,mean_motion_activity,mean_ctrl_sign_flip_rate,mean_osc_band_energy,mean_sat_rate_abs,mean_sat_rate_du,failure_reason,delta_survival_rate,delta_worst_base_norm,delta_worst_tilt,delta_mean_control_energy,delta_mean_command_jerk,delta_mean_motion_activity,delta_mean_ctrl_sign_flip_rate,delta_mean_osc_band_energy
baseline,True,12345,12,3000,True,250.0,1,0.1378734731394442,1.9942819169979045,5.076875253951513,1.8881272496398052,4.365896739242128,4.67293811764239,6.5,2.4172709641758128,3.867780939456718,0.22991644116687834,0.9310825140555963,18.210732648355684,5.886188088635976,15.0,1.0,True,nan,9.762550671808663,19.739211574042777,1.0087817909075691,1.2336214872315474,0.3950208802905088,300.86911892193274,15.591936244169704,0.358435606262448,0.7743333333333333,3.1506332447176866,0.001,0.4817777777777778,,0.0,0.0,0.0,0.0,0.0,0.0,0.0,0.0
trial_000,False,12345,12,3000,True,250.0,1,0.1660432769093647,0.0390345369787725,0.18114251057121997,2.4329271377698447,1.4788209357957005,4.115726736439073,1.1278130685895735,0.8214515656505612,0.6399908074156924,0.2394272054659653,0.9773565437517262,48.52807809380334,18.64656838660607,14.523149085731198,0.4166666666666667,False,1594.0,20.0,10.397523406360499,0.691213651633069,0.5052129676441098,0.2618840170827896,1145.5293927303899,33.787097213428595,0.6150773394731845,0.8419479220785364,10.528659631203341,0.09949488098070584,0.2767432071609708,gate_survival+gate_tilt,-0.5833333333333333,-0.5424078355984784,0.26078842595722307,844.6602738084571,18.195160969258893,0.2566417332107365,0.0676145887452031,7.378026386485654
