run_id,is_baseline,seed,episodes,steps_per_episode,hardware_realistic,control_hz,control_delay_steps,R_du_rw,R_du_bx,R_du_by,Q_ang_scale,Q_rate_scale,Q_rw_scale,Q_base_scale,Q_vel_scale,QU_scale,KI_BASE,U_BLEED,MAX_DU_rw,MAX_DU_bx,MAX_DU_by,survival_rate,accepted_gate,worst_crash_step,worst_pitch_deg,worst_roll_deg,worst_base_x_m,worst_base_y_m,mean_rms_base_drift_m,mean_control_energy,mean_command_jerk,mean_motion_activity,mean_ctrl_sign_flip_rate,mean_osc_band_energy,mean_sat_rate_abs,mean_sat_rate_du,failure_reason,delta_survival_rate,delta_worst_base_norm,delta_worst_tilt,delta_mean_control_energy,delta_mean_command_jerk,delta_mean_motion_activity,delta_mean_ctrl_sign_flip_rate,delta_mean_osc_band_energy
trial_000,False,12345,12,3000,True,250.0,1,0.1660432769093647,0.0390345369787725,0.18114251057121997,2.4329271377698447,1.4788209357957005,4.115726736439073,1.1278130685895735,0.8214515656505612,0.6399908074156924,0.2394272054659653,0.9773565437517262,48.52807809380334,18.64656838660607,14.523149085731198,0.4166666666666667,False,1524.0,20.0,10.588167700599252,0.6886969451288008,0.2756659746805214,0.22266910834058282,1166.968066543418,32.22607945141078,0.6079230642384773,0.8093257415515236,11.432626138094626,0.033077770926336625,0.27267770316940937,gate_survival+gate_tilt,0.08333333333333337,0.027019142376823013,0.0,1010.717946501869,26.696769028196297,0.3361042705434883,0.4614269323662648,6.085111706243757
baseline,True,12345,12,3000,True,250.0,1,1.25178024100865,0.45,45.0,4.116310085848144,0.34599926299098394,4.413540483309137,0.21048729565349777,0.6028642040551757,2.3219994353095577,0.13203017441353473,0.949448813216059,8.0,0.5,0.5,0.3333333333333333,False,1947.0,20.0,17.795662443899857,0.6616778027519777,0.5663149887921634,0.24871354596782005,156.2501200415489,5.529310423214487,0.271818793694989,0.3478988091852588,5.347514431850869,0.0,0.7500393830265626,gate_survival+gate_tilt,0.0,0.0,0.0,0.0,0.0,0.0,0.0,0.0
