run_id,is_baseline,seed,episodes,steps_per_episode,hardware_realistic,control_hz,control_delay_steps,R_du_rw,R_du_bx,R_du_by,Q_ang_scale,Q_rate_scale,Q_rw_scale,Q_base_scale,Q_vel_scale,QU_scale,KI_BASE,U_BLEED,MAX_DU_rw,MAX_DU_bx,MAX_DU_by,survival_rate,accepted_gate,worst_crash_step,worst_pitch_deg,worst_roll_deg,worst_base_x_m,worst_base_y_m,mean_rms_base_drift_m,mean_control_energy,mean_command_jerk,mean_motion_activity,mean_ctrl_sign_flip_rate,mean_osc_band_energy,mean_sat_rate_abs,mean_sat_rate_du,failure_reason,delta_survival_rate,delta_worst_base_norm,delta_worst_tilt,delta_mean_control_energy,delta_mean_command_jerk,delta_mean_motion_activity,delta_mean_ctrl_sign_flip_rate,delta_mean_osc_band_energy
baseline,True,12345,12,3000,True,250.0,1,0.1378734731394442,1.9942819169979045,5.076875253951513,1.8881272496398052,4.365896739242128,4.67293811764239,6.5,2.4172709641758128,3.867780939456718,0.22991644116687834,0.9310825140555963,18.210732648355684,5.886188088635976,15.0,0.75,False,2736.0,9.611475807861902,20.0,0.7704449377424757,0.7837333993425214,0.30939404911436524,294.80936678132434,14.642041410579232,0.3547227545399558,0.7448170165594332,2.9430716595297817,0.0,0.4510575509208164,gate_survival+gate_tilt,0.0,0.0,0.0,0.0,0.0,0.0,0.0,0.0
trial_000,False,12345,12,3000,True,250.0,1,0.1660432769093647,0.0390345369787725,0.18114251057121997,2.4329271377698447,1.4788209357957005,4.115726736439073,1.1278130685895735,0.8214515656505612,0.6399908074156924,0.2394272054659653,0.9773565437517262,48.52807809380334,18.64656838660607,14.523149085731198,0.4166666666666667,False,1524.0,20.0,10.588167700599252,0.6886969451288008,0.2756659746805214,0.22266910834058282,1166.968066543418,32.22607945141078,0.6079230642384773,0.8093257415515236,11.432626138094626,0.033077770926336625,0.27267770316940937,gate_survival+gate_tilt,-0.3333333333333333,-0.09503645421372064,0.0,872.1586997620936,17.58403804083155,0.25320030969852153,0.06450872499209037,8.489554478564845
