run_id,is_baseline,seed,episodes,steps_per_episode,R_du_bx,R_du_by,KI_BASE,U_BLEED,MAX_DU_bx,MAX_DU_by,survival_rate,accepted_gate,worst_crash_step,worst_pitch_deg,worst_roll_deg,worst_base_x_m,worst_base_y_m,mean_rms_base_drift_m,mean_control_energy,mean_sat_rate_abs,mean_sat_rate_du,failure_reason,delta_survival_rate,delta_worst_base_norm,delta_worst_tilt,delta_mean_control_energy
trial_001,False,12345,1,3000,0.6148853940061587,1.882851355483809,0.1895245157485887,0.9235833428898093,0.7631944293199892,0.5604109662322682,1.0,True,nan,6.135783914764474,1.4839743119679862,0.9221974236206472,0.11243069535165272,0.7341071898198261,11709.087495543561,0.435,1.0,,0.0,-1.2326519230934467,0.820878046567783,-6129.425494290179
trial_002,False,12345,1,3000,0.498836159447291,1.1063681312364193,0.1795663854789532,0.9662580824887921,0.3150604621304807,0.608428277597648,1.0,True,nan,6.227388568558159,1.3886137895467507,1.1357753383963454,0.1137806500391845,0.5994121268280909,11259.805421073526,0.19033333333333333,1.0,,0.0,-1.0190740083177485,0.9124827003614682,-6578.707568760214
trial_000,False,12345,1,3000,0.8295037066909985,2.5085655201323767,0.14172584073517544,0.9371554073071814,0.31962602806379686,0.5107823025827767,1.0,True,nan,5.9927875016591345,1.5988797392894045,1.1584286634303567,0.10627074947398586,0.6394481185442185,11197.089001297181,0.18433333333333332,1.0,,0.0,-0.9964206832837372,0.6778816334624436,-6641.423988536559
baseline,True,12345,1,3000,2.2,2.2,0.08,0.96,0.2,0.2,1.0,True,nan,5.314905868196691,3.256609151235685,2.154849346714094,0.19044754125604105,1.5986256902126348,17838.51298983374,0.103,1.0,,0.0,0.0,0.0,0.0
