run_id,is_baseline,seed,episodes,steps_per_episode,hardware_realistic,control_hz,control_delay_steps,R_du_rw,R_du_bx,R_du_by,Q_ang_scale,Q_rate_scale,Q_rw_scale,Q_base_scale,Q_vel_scale,QU_scale,KI_BASE,U_BLEED,MAX_DU_rw,MAX_DU_bx,MAX_DU_by,survival_rate,accepted_gate,worst_crash_step,worst_pitch_deg,worst_roll_deg,worst_base_x_m,worst_base_y_m,mean_rms_base_drift_m,mean_control_energy,mean_command_jerk,mean_motion_activity,mean_ctrl_sign_flip_rate,mean_osc_band_energy,mean_sat_rate_abs,mean_sat_rate_du,failure_reason,delta_survival_rate,delta_worst_base_norm,delta_worst_tilt,delta_mean_control_energy,delta_mean_command_jerk,delta_mean_motion_activity,delta_mean_ctrl_sign_flip_rate,delta_mean_osc_band_energy
baseline,True,12345,12,3000,True,250.0,1,0.11936987569080855,2.234131139177428,5.175088002466116,1.858678448071943,5.0,4.20116617020277,4.965234877576285,3.4488351313673387,3.6250875403948286,0.3,0.9253084882804038,18.0,4.8653804355338615,12.440362730990438,0.75,False,2744.0,8.316461405646965,20.0,0.8393506645663855,0.7866517866710105,0.30998120336863055,319.21198098094214,14.785937241237553,0.3577326917685067,0.727462441646144,2.956084407604886,0.0,0.48022370187790014,gate_survival+gate_tilt,0.0,0.0,0.0,0.0,0.0,0.0,0.0,0.0
trial_000,False,12345,12,3000,True,250.0,1,0.1660432769093647,0.0390345369787725,0.18114251057121997,2.4329271377698447,1.4788209357957005,4.115726736439073,1.1278130685895735,0.8214515656505612,0.6399908074156924,0.2394272054659653,0.9773565437517262,48.52807809380334,18.64656838660607,14.523149085731198,0.4166666666666667,False,1524.0,20.0,10.588167700599252,0.6886969451288008,0.2756659746805214,0.22266910834058282,1166.968066543418,32.22607945141078,0.6079230642384773,0.8093257415515236,11.432626138094626,0.033077770926336625,0.27267770316940937,gate_survival+gate_tilt,-0.3333333333333333,-0.15065371943758477,0.0,847.7560855624758,17.440142210173228,0.2501903724699706,0.08186329990537955,8.47654173048974
