run_id,is_baseline,seed,episodes,steps_per_episode,R_du_bx,R_du_by,KI_BASE,U_BLEED,MAX_DU_bx,MAX_DU_by,survival_rate,accepted_gate,worst_crash_step,worst_pitch_deg,worst_roll_deg,worst_base_x_m,worst_base_y_m,mean_rms_base_drift_m,mean_control_energy,mean_command_jerk,mean_motion_activity,mean_ctrl_sign_flip_rate,mean_osc_band_energy,mean_sat_rate_abs,mean_sat_rate_du,failure_reason,delta_survival_rate,delta_worst_base_norm,delta_worst_tilt,delta_mean_control_energy,delta_mean_command_jerk,delta_mean_motion_activity,delta_mean_ctrl_sign_flip_rate,delta_mean_osc_band_energy
trial_001,False,12345,1,3000,0.6148853940061587,1.882851355483809,0.1895245157485887,0.9235833428898093,0.7631944293199892,0.5604109662322682,1.0,True,nan,6.135783914764474,1.4839743119679862,0.9221974236206472,0.11243069535165272,0.7341071898198261,11709.087495543561,3.5550044522181845,2.2624401463660515,0.024,5478.487633853343,0.435,1.0,,0.0,-0.5218352570010756,0.6575685483210556,-5235.059479341922,1.8613019520337954,0.89046901833103,0.012333333333333333,3941.0782676376202
trial_000,False,12345,1,3000,0.8295037066909985,2.5085655201323767,0.14172584073517544,0.9371554073071814,0.31962602806379686,0.5107823025827767,1.0,True,nan,5.9927875016591345,1.5988797392894045,1.1584286634303567,0.10627074947398586,0.6394481185442185,11197.089001297181,3.0537241344613104,2.2422681142136214,0.022333333333333334,4716.472209534927,0.18433333333333332,1.0,,0.0,-0.2856040171913661,0.5145721352157162,-5747.057973588302,1.3600216342769214,0.8702969861785999,0.010666666666666666,3179.062843319204
baseline,True,12345,1,3000,0.4818719400522015,3.0000852247047614,0.09716498867719854,0.9587474485627508,0.3054359630132863,0.20885325581086467,1.0,True,nan,5.478215366443418,3.2298147529035393,1.4440326806217227,0.16066034643142088,1.1107456226320993,16944.146974885483,1.693702500184389,1.3719711280350215,0.011666666666666667,1537.409366215723,0.3323333333333333,1.0,,0.0,0.0,0.0,0.0,0.0,0.0,0.0,0.0
