run_id,is_baseline,seed,episodes,steps_per_episode,hardware_realistic,control_hz,control_delay_steps,R_du_rw,R_du_bx,R_du_by,Q_ang_scale,Q_rate_scale,Q_rw_scale,Q_base_scale,Q_vel_scale,QU_scale,KI_BASE,U_BLEED,MAX_DU_rw,MAX_DU_bx,MAX_DU_by,survival_rate,accepted_gate,worst_crash_step,worst_pitch_deg,worst_roll_deg,worst_base_x_m,worst_base_y_m,mean_rms_base_drift_m,mean_control_energy,mean_command_jerk,mean_motion_activity,mean_ctrl_sign_flip_rate,mean_osc_band_energy,mean_sat_rate_abs,mean_sat_rate_du,failure_reason,delta_survival_rate,delta_worst_base_norm,delta_worst_tilt,delta_mean_control_energy,delta_mean_command_jerk,delta_mean_motion_activity,delta_mean_ctrl_sign_flip_rate,delta_mean_osc_band_energy
baseline,True,12345,12,3000,True,250.0,1,0.1378734731394442,1.9942819169979045,5.076875253951513,1.8881272496398052,4.365896739242128,4.67293811764239,6.5,2.4172709641758128,3.867780939456718,0.22991644116687834,0.9310825140555963,18.210732648355684,5.886188088635976,15.0,1.0,True,nan,9.786056108623363,19.739211574042777,1.0087817909075691,1.2336214872315474,0.39525291624175946,302.8037527844265,15.655733118932227,0.3625612704224697,0.7756666666666666,3.0537862067946673,0.0013333333333333333,0.48900000000000005,,0.0,0.0,0.0,0.0,0.0,0.0,0.0,0.0
trial_000,False,12345,12,3000,True,250.0,1,0.1660432769093647,0.0390345369787725,0.18114251057121997,2.4329271377698447,1.4788209357957005,4.115726736439073,1.1278130685895735,0.8214515656505612,0.6399908074156924,0.2394272054659653,0.9773565437517262,48.52807809380334,18.64656838660607,14.523149085731198,0.5,False,1594.0,20.0,10.397523406360499,0.6904866868135853,0.5071250890271133,0.26197294960146805,1151.2675265234368,33.952466218342366,0.6196477528137467,0.8562639609484552,10.424004233212962,0.10143789287282205,0.2772781282499492,gate_survival+gate_tilt,-0.5,-0.5431348004179621,0.26078842595722307,848.4637737390103,18.29673309941014,0.257086482391277,0.08059729428178863,7.370218026418295
